[
	{"id": 1, "name": "parameter1", "description": "My parameter", "options": [
      {"id": "1", "name": "Option1", "description": "My option description1", "weight": 2},
      {"id": "2", "name": "Option2", "description": "My option description2", "weight": 5},
      {"id": "3", "name": "Option3", "description": "My option description3", "weight": 1},
      {"id": "4", "name": "Option4", "description": "My option description4", "weight": 3},
      {"id": "8", "name": "Option5", "description": "My option description5", "weight": 2}
  ]},

  {"id": 11, "name": "parameter2", "description": "My parameter2", "options": [
      {"id": "1", "name": "Option1", "description": "My option description1", "weight": 2},
      {"id": "2", "name": "Option2", "description": "My option description2", "weight": 5},
      {"id": "6", "name": "Option3", "description": "My option description3", "weight": 1},
      {"id": "7", "name": "Option4", "description": "My option description4", "weight": 3},
      {"id": "10", "name": "Option5", "description": "My option description5", "weight": 2}
  ]},

  {"id": 8, "name": "parameter3", "description": "My parameter3", "options": [
      {"id": "1", "name": "Option1", "description": "My option description1", "weight": 2},
      {"id": "2", "name": "Option2", "description": "My option description2", "weight": 5},
      {"id": "3", "name": "Option3", "description": "My option description3", "weight": 1},
      {"id": "4", "name": "Option4", "description": "My option description4", "weight": 3},
      {"id": "5", "name": "Option5", "description": "My option description5", "weight": 2}
  ]},

  {"id": 59, "name": "parameter4", "description": "My parameter4", "options": [
      {"id": "1", "name": "Option1", "description": "My option description1", "weight": 2},
      {"id": "10", "name": "Option2", "description": "My option description2", "weight": 5},
      {"id": "12", "name": "Option3", "description": "My option description3", "weight": 1},
      {"id": "13", "name": "Option4", "description": "My option description4", "weight": 3},
      {"id": "14", "name": "Option5", "description": "My option description5", "weight": 2}
  ]},

  {"id": 880, "name": "parameter5", "description": "My parameter5", "options": [
      {"id": "10", "name": "Option1", "description": "My option description1", "weight": 2},
      {"id": "12", "name": "Option2", "description": "My option description2", "weight": 5},
      {"id": "13", "name": "Option3", "description": "My option description3", "weight": 1},
      {"id": "14", "name": "Option4", "description": "My option description4", "weight": 3},
      {"id": "15", "name": "Option5", "description": "My option description5", "weight": 2}
  ]},

  {"id": 720, "name": "parameter6", "description": "My parameter6", "options": [
      {"id": "11", "name": "Option1", "description": "My option description1", "weight": 2},
      {"id": "21", "name": "Option2", "description": "My option description2", "weight": 5},
      {"id": "31", "name": "Option3", "description": "My option description3", "weight": 1},
      {"id": "41", "name": "Option4", "description": "My option description4", "weight": 3},
      {"id": "51", "name": "Option5", "description": "My option description5", "weight": 2}
  ]}
]
