[
	{"id": 1, "name": "survey1", "description": "My survey 1", "groups": [
			{"id": "a1", "name": "group1", "description": "Group Description1", "questions": [

					{"id": "q1", "name": "question1", "description": "Question description 1", "options": [
							{"id": "o1", "name": "option1", "description": "Option 1"},
							{"id": "o2", "name": "option2", "description": "Option 2"},
							{"id": "o3", "name": "option3", "description": "Option 3"}
					]},

					{"id": "q2", "name": "question2", "description": "Question description 2", "options": [
							{"id": "o1", "name": "option1", "description": "Option 1"},
							{"id": "o2", "name": "option2", "description": "Option 2"}
					]},

					{"id": "q3", "name": "question3", "description": "Question description 3", "options": [
							{"id": "o1", "name": "option1", "description": "Option 1"}
					]}
			]}
	]},

	{"id": 2, "name": "survey2", "description": "My survey 2", "groups": [
			{"id": "a1", "name": "group1", "description": "Group Description1", "questions": [

					{"id": "q1", "name": "question1", "description": "Question description 1", "options": [
							{"id": "o1", "name": "option1", "description": "Option 1"},
							{"id": "o2", "name": "option2", "description": "Option 2"},
							{"id": "o3", "name": "option3", "description": "Option 3"}
					]},

					{"id": "q2", "name": "question2", "description": "Question description 2", "options": [
							{"id": "o1", "name": "option1", "description": "Option 1"},
							{"id": "o2", "name": "option2", "description": "Option 2"}
					]},

					{"id": "q3", "name": "question3", "description": "Question description 3", "options": [
							{"id": "o1", "name": "option1", "description": "Option 1"}
					]}
			]}
	]},

	{"id": 3, "name": "survey3", "description": "My survey 3", "groups": [
			{"id": "a1", "name": "group1", "description": "Group Description1", "questions": [

					{"id": "q1", "name": "question1", "description": "Question description 1", "options": [
							{"id": "o1", "name": "option1", "description": "Option 1"},
							{"id": "o2", "name": "option2", "description": "Option 2"},
							{"id": "o3", "name": "option3", "description": "Option 3"}
					]},

					{"id": "q2", "name": "question2", "description": "Question description 2", "options": [
							{"id": "o1", "name": "option1", "description": "Option 1"},
							{"id": "o2", "name": "option2", "description": "Option 2"}
					]},

					{"id": "q3", "name": "question3", "description": "Question description 3", "options": [
							{"id": "o1", "name": "option1", "description": "Option 1"}
					]}
			]}
	]}
]
